,year,month,Produktion
0,2025,Jan,836.9917792689198
1,2025,Feb,2022.073515275882
2,2025,Mar,4836.479740887566
3,2025,Apr,6509.031656448365
4,2025,Maj,13243.754411865235
5,2025,Jun,12962.811694254557
6,2025,Jul,11968.823170891039
7,2025,Aug,10691.076727918344
8,2025,Sep,7520.251586684225
9,2025,Okt,3207.581613131313
10,2025,Nov,1273.0
11,2025,Dec,591.1424169540405
12,2026,Jan,84.15991695038974
13,2026,Feb,220.08649982511997
