,year,month,Produktion
0,2025,Jan,835.9556701183319
1,2025,Feb,2022.0665578842163
2,2025,Mar,4833.358573913574
3,2025,Apr,6509.029420852661
4,2025,Maj,13243.75422668457
5,2025,Jun,12962.811584472656
6,2025,Jul,11968.821731567383
7,2025,Aug,10668.31819152832
8,2025,Sep,4813.720985412598
9,2025,Okt,1610.7481721639633
10,2025,Nov,1273.0
11,2025,Dec,591.1424169540405
12,2026,Jan,541.0
13,2026,Feb,697.0
14,2026,Mar,5943.0
15,2026,Apr,0.0
